<?xml version="1.0" encoding="UTF-8"?>
<project-private xmlns="http://www.netbeans.org/ns/project-private/1">
    <editor-bookmarks xmlns="http://www.netbeans.org/ns/editor-bookmarks/2" lastBookmarkId="0"/>
    <open-files xmlns="http://www.netbeans.org/ns/projectui-open-files/2">
        <group>
            <file>file:/C:/Users/ClaraSchellembergAbe/Desktop/facu/dda/ObligatorioCartasPoker%202/ObligatorioCartasPoker%202/src/pokerApp/iu/AdministrarMesa.java</file>
            <file>file:/C:/Users/ClaraSchellembergAbe/Desktop/facu/dda/ObligatorioCartasPoker%202/ObligatorioCartasPoker%202/src/pokerApp/iu/MostrarManosJugadas.java</file>
            <file>file:/C:/Users/ClaraSchellembergAbe/Desktop/facu/dda/ObligatorioCartasPoker%202/ObligatorioCartasPoker%202/src/pokerApp/juego/Mesa.java</file>
            <file>file:/C:/Users/ClaraSchellembergAbe/Desktop/facu/dda/ObligatorioCartasPoker%202/ObligatorioCartasPoker%202/src/pokerApp/juego/Mano.java</file>
            <file>file:/C:/Users/ClaraSchellembergAbe/Desktop/facu/dda/ObligatorioCartasPoker%202/ObligatorioCartasPoker%202/src/pokerApp/iu/InterfazAdministrador.java</file>
            <file>file:/C:/Users/ClaraSchellembergAbe/Desktop/facu/dda/ObligatorioCartasPoker%202/ObligatorioCartasPoker%202/src/pokerApp/iu/AdministradorUI.java</file>
            <file>file:/C:/Users/ClaraSchellembergAbe/Desktop/facu/dda/ObligatorioCartasPoker%202/ObligatorioCartasPoker%202/src/pokerApp/juego/EstadoMano.java</file>
        </group>
    </open-files>
</project-private>
